FASTQ,Flowcell ID,Index Sequence,Flowcell Lane,ESP ID,Pool Name,Species,Illumina Sample Type,Library Type,Library Name,Date Complete,Total Reads,Total Bases,% Pass Filter Clusters,% >Q30,Avg Q Score,PhiX Error Rate
LIB141834_23MMMFLT4_S146_L001_R1_001.fastq.gz,23MMMFLT4,CTTACACTCA-GGTAGTGTGT,1,LIB141834,ASD_ISOMPRA_ActD_Revisions,human,Prepared Libraries (including 10x libraries),AmpliconSeq-Custom PCR with Illumina adapters,0hr_1_pre,2026-04-03 01:33:37.253099+00:00,"24,302,380","7,339,318,760",80.03,90.0,38.21,0.19
LIB141834_23MMMFLT4_S146_L001_R2_001.fastq.gz,23MMMFLT4,CTTACACTCA-GGTAGTGTGT,1,LIB141834,ASD_ISOMPRA_ActD_Revisions,human,Prepared Libraries (including 10x libraries),AmpliconSeq-Custom PCR with Illumina adapters,0hr_1_pre,2026-04-03 01:33:37.253099+00:00,"24,302,380","7,339,318,760",80.03,97.0,39.4,0.21
LIB141835_23MMMFLT4_S147_L001_R1_001.fastq.gz,23MMMFLT4,CAGTCACACA-GGTAGTGTGT,1,LIB141835,ASD_ISOMPRA_ActD_Revisions,human,Prepared Libraries (including 10x libraries),AmpliconSeq-Custom PCR with Illumina adapters,0hr_2_pre,2026-04-03 01:33:37.253099+00:00,"27,535,036","8,315,580,872",80.03,90.0,38.16,0.19
LIB141835_23MMMFLT4_S147_L001_R2_001.fastq.gz,23MMMFLT4,CAGTCACACA-GGTAGTGTGT,1,LIB141835,ASD_ISOMPRA_ActD_Revisions,human,Prepared Libraries (including 10x libraries),AmpliconSeq-Custom PCR with Illumina adapters,0hr_2_pre,2026-04-03 01:33:37.253099+00:00,"27,535,036","8,315,580,872",80.03,97.0,39.43,0.21
LIB141836_23MMMFLT4_S148_L001_R1_001.fastq.gz,23MMMFLT4,ACTCACAACA-GGTAGTGTGT,1,LIB141836,ASD_ISOMPRA_ActD_Revisions,human,Prepared Libraries (including 10x libraries),AmpliconSeq-Custom PCR with Illumina adapters,0hr_3_pre,2026-04-03 01:33:37.253099+00:00,"29,729,566","8,978,328,932",80.03,90.0,38.18,0.19
LIB141836_23MMMFLT4_S148_L001_R2_001.fastq.gz,23MMMFLT4,ACTCACAACA-GGTAGTGTGT,1,LIB141836,ASD_ISOMPRA_ActD_Revisions,human,Prepared Libraries (including 10x libraries),AmpliconSeq-Custom PCR with Illumina adapters,0hr_3_pre,2026-04-03 01:33:37.253099+00:00,"29,729,566","8,978,328,932",80.03,97.0,39.33,0.21
LIB141837_23MMMFLT4_S149_L001_R1_001.fastq.gz,23MMMFLT4,CTTAACACCA-GGTAGTGTGT,1,LIB141837,ASD_ISOMPRA_ActD_Revisions,human,Prepared Libraries (including 10x libraries),AmpliconSeq-Custom PCR with Illumina adapters,0hr_4_pre,2026-04-03 01:33:37.253099+00:00,"18,097,598","5,465,474,596",80.03,90.0,38.14,0.19
LIB141837_23MMMFLT4_S149_L001_R2_001.fastq.gz,23MMMFLT4,CTTAACACCA-GGTAGTGTGT,1,LIB141837,ASD_ISOMPRA_ActD_Revisions,human,Prepared Libraries (including 10x libraries),AmpliconSeq-Custom PCR with Illumina adapters,0hr_4_pre,2026-04-03 01:33:37.253099+00:00,"18,097,598","5,465,474,596",80.03,97.0,39.37,0.21
LIB141838_23MMMFLT4_S150_L001_R1_001.fastq.gz,23MMMFLT4,CTTGGGCGAA-GGTAGTGTGT,1,LIB141838,ASD_ISOMPRA_ActD_Revisions,human,Prepared Libraries (including 10x libraries),AmpliconSeq-Custom PCR with Illumina adapters,0hr_5_pre,2026-04-03 01:33:37.253099+00:00,"20,317,167","6,135,784,434",80.03,88.0,37.92,0.19
LIB141838_23MMMFLT4_S150_L001_R2_001.fastq.gz,23MMMFLT4,CTTGGGCGAA-GGTAGTGTGT,1,LIB141838,ASD_ISOMPRA_ActD_Revisions,human,Prepared Libraries (including 10x libraries),AmpliconSeq-Custom PCR with Illumina adapters,0hr_5_pre,2026-04-03 01:33:37.253099+00:00,"20,317,167","6,135,784,434",80.03,97.0,39.37,0.21
LIB141839_23MMMFLT4_S151_L001_R1_001.fastq.gz,23MMMFLT4,CCTGCTACTA-GGTAGTGTGT,1,LIB141839,ASD_ISOMPRA_ActD_Revisions,human,Prepared Libraries (including 10x libraries),AmpliconSeq-Custom PCR with Illumina adapters,0hr_6_pre,2026-04-03 01:33:37.253099+00:00,"26,430,998","7,982,161,396",80.03,90.0,38.25,0.19
LIB141839_23MMMFLT4_S151_L001_R2_001.fastq.gz,23MMMFLT4,CCTGCTACTA-GGTAGTGTGT,1,LIB141839,ASD_ISOMPRA_ActD_Revisions,human,Prepared Libraries (including 10x libraries),AmpliconSeq-Custom PCR with Illumina adapters,0hr_6_pre,2026-04-03 01:33:37.253099+00:00,"26,430,998","7,982,161,396",80.03,97.0,39.42,0.21
LIB141840_23MMMFLT4_S152_L001_R1_001.fastq.gz,23MMMFLT4,ATCGAAGCTA-GGTAGTGTGT,1,LIB141840,ASD_ISOMPRA_ActD_Revisions,human,Prepared Libraries (including 10x libraries),AmpliconSeq-Custom PCR with Illumina adapters,0hr_1_post,2026-04-03 01:33:37.253099+00:00,"20,672,300","6,243,034,600",80.03,90.0,38.15,0.19
LIB141840_23MMMFLT4_S152_L001_R2_001.fastq.gz,23MMMFLT4,ATCGAAGCTA-GGTAGTGTGT,1,LIB141840,ASD_ISOMPRA_ActD_Revisions,human,Prepared Libraries (including 10x libraries),AmpliconSeq-Custom PCR with Illumina adapters,0hr_1_post,2026-04-03 01:33:37.253099+00:00,"20,672,300","6,243,034,600",80.03,97.0,39.44,0.21
LIB141841_23MMMFLT4_S153_L001_R1_001.fastq.gz,23MMMFLT4,CATGGACCTA-GGTAGTGTGT,1,LIB141841,ASD_ISOMPRA_ActD_Revisions,human,Prepared Libraries (including 10x libraries),AmpliconSeq-Custom PCR with Illumina adapters,0hr_2_post,2026-04-03 01:33:37.253099+00:00,"22,382,252","6,759,440,104",80.03,90.0,38.19,0.19
LIB141841_23MMMFLT4_S153_L001_R2_001.fastq.gz,23MMMFLT4,CATGGACCTA-GGTAGTGTGT,1,LIB141841,ASD_ISOMPRA_ActD_Revisions,human,Prepared Libraries (including 10x libraries),AmpliconSeq-Custom PCR with Illumina adapters,0hr_2_post,2026-04-03 01:33:37.253099+00:00,"22,382,252","6,759,440,104",80.03,97.0,39.46,0.21
LIB141842_23MMMFLT4_S154_L001_R1_001.fastq.gz,23MMMFLT4,ATGTGTTTCA-GGTAGTGTGT,1,LIB141842,ASD_ISOMPRA_ActD_Revisions,human,Prepared Libraries (including 10x libraries),AmpliconSeq-Custom PCR with Illumina adapters,0hr_3_post ,2026-04-03 01:33:37.253099+00:00,"27,170,296","8,205,429,392",80.03,90.0,38.18,0.19
LIB141842_23MMMFLT4_S154_L001_R2_001.fastq.gz,23MMMFLT4,ATGTGTTTCA-GGTAGTGTGT,1,LIB141842,ASD_ISOMPRA_ActD_Revisions,human,Prepared Libraries (including 10x libraries),AmpliconSeq-Custom PCR with Illumina adapters,0hr_3_post ,2026-04-03 01:33:37.253099+00:00,"27,170,296","8,205,429,392",80.03,97.0,39.43,0.21
LIB141843_23MMMFLT4_S155_L001_R1_001.fastq.gz,23MMMFLT4,TGATTCGTGA-GGTAGTGTGT,1,LIB141843,ASD_ISOMPRA_ActD_Revisions,human,Prepared Libraries (including 10x libraries),AmpliconSeq-Custom PCR with Illumina adapters,0hr_4_post,2026-04-03 01:33:37.253099+00:00,"11,142,340","3,364,986,680",80.03,90.0,38.13,0.19
LIB141843_23MMMFLT4_S155_L001_R2_001.fastq.gz,23MMMFLT4,TGATTCGTGA-GGTAGTGTGT,1,LIB141843,ASD_ISOMPRA_ActD_Revisions,human,Prepared Libraries (including 10x libraries),AmpliconSeq-Custom PCR with Illumina adapters,0hr_4_post,2026-04-03 01:33:37.253099+00:00,"11,142,340","3,364,986,680",80.03,97.0,39.46,0.21
LIB141844_23MMMFLT4_S156_L001_R1_001.fastq.gz,23MMMFLT4,CGGCACGCTA-GGTAGTGTGT,1,LIB141844,ASD_ISOMPRA_ActD_Revisions,human,Prepared Libraries (including 10x libraries),AmpliconSeq-Custom PCR with Illumina adapters,0hr_5_post,2026-04-03 01:33:37.253099+00:00,"9,642,419","2,912,010,538",80.03,90.0,38.17,0.19
LIB141844_23MMMFLT4_S156_L001_R2_001.fastq.gz,23MMMFLT4,CGGCACGCTA-GGTAGTGTGT,1,LIB141844,ASD_ISOMPRA_ActD_Revisions,human,Prepared Libraries (including 10x libraries),AmpliconSeq-Custom PCR with Illumina adapters,0hr_5_post,2026-04-03 01:33:37.253099+00:00,"9,642,419","2,912,010,538",80.03,97.0,39.45,0.21
LIB141845_23MMMFLT4_S157_L001_R1_001.fastq.gz,23MMMFLT4,CTGCTTGAGA-GGTAGTGTGT,1,LIB141845,ASD_ISOMPRA_ActD_Revisions,human,Prepared Libraries (including 10x libraries),AmpliconSeq-Custom PCR with Illumina adapters,0hr_6_post,2026-04-03 01:33:37.253099+00:00,"9,118,920","2,753,913,840",80.03,90.0,38.28,0.19
LIB141845_23MMMFLT4_S157_L001_R2_001.fastq.gz,23MMMFLT4,CTGCTTGAGA-GGTAGTGTGT,1,LIB141845,ASD_ISOMPRA_ActD_Revisions,human,Prepared Libraries (including 10x libraries),AmpliconSeq-Custom PCR with Illumina adapters,0hr_6_post,2026-04-03 01:33:37.253099+00:00,"9,118,920","2,753,913,840",80.03,98.0,39.54,0.21
LIB141846_23MMMFLT4_S158_L001_R1_001.fastq.gz,23MMMFLT4,ACCATCTCGA-GGTAGTGTGT,1,LIB141846,ASD_ISOMPRA_ActD_Revisions,human,Prepared Libraries (including 10x libraries),AmpliconSeq-Custom PCR with Illumina adapters,5hr_1,2026-04-03 01:33:37.253099+00:00,"8,886,240","2,683,644,480",80.03,89.0,38.11,0.19
LIB141846_23MMMFLT4_S158_L001_R2_001.fastq.gz,23MMMFLT4,ACCATCTCGA-GGTAGTGTGT,1,LIB141846,ASD_ISOMPRA_ActD_Revisions,human,Prepared Libraries (including 10x libraries),AmpliconSeq-Custom PCR with Illumina adapters,5hr_1,2026-04-03 01:33:37.253099+00:00,"8,886,240","2,683,644,480",80.03,97.0,39.47,0.21
LIB141847_23MMMFLT4_S159_L001_R1_001.fastq.gz,23MMMFLT4,TATCCCGTAA-GGTAGTGTGT,1,LIB141847,ASD_ISOMPRA_ActD_Revisions,human,Prepared Libraries (including 10x libraries),AmpliconSeq-Custom PCR with Illumina adapters,5hr_2,2026-04-03 01:33:37.253099+00:00,"10,274,607","3,102,931,314",80.03,90.0,38.2,0.19
LIB141847_23MMMFLT4_S159_L001_R2_001.fastq.gz,23MMMFLT4,TATCCCGTAA-GGTAGTGTGT,1,LIB141847,ASD_ISOMPRA_ActD_Revisions,human,Prepared Libraries (including 10x libraries),AmpliconSeq-Custom PCR with Illumina adapters,5hr_2,2026-04-03 01:33:37.253099+00:00,"10,274,607","3,102,931,314",80.03,97.0,39.45,0.21
LIB141848_23MMMFLT4_S160_L001_R1_001.fastq.gz,23MMMFLT4,ATTTGCGTGA-GGTAGTGTGT,1,LIB141848,ASD_ISOMPRA_ActD_Revisions,human,Prepared Libraries (including 10x libraries),AmpliconSeq-Custom PCR with Illumina adapters,5hr_3,2026-04-03 01:33:37.253099+00:00,"9,584,784","2,894,604,768",80.03,89.0,38.09,0.19
LIB141848_23MMMFLT4_S160_L001_R2_001.fastq.gz,23MMMFLT4,ATTTGCGTGA-GGTAGTGTGT,1,LIB141848,ASD_ISOMPRA_ActD_Revisions,human,Prepared Libraries (including 10x libraries),AmpliconSeq-Custom PCR with Illumina adapters,5hr_3,2026-04-03 01:33:37.253099+00:00,"9,584,784","2,894,604,768",80.03,97.0,39.45,0.21
LIB141849_23MMMFLT4_S161_L001_R1_001.fastq.gz,23MMMFLT4,ACTCGAGCTA-GGTAGTGTGT,1,LIB141849,ASD_ISOMPRA_ActD_Revisions,human,Prepared Libraries (including 10x libraries),AmpliconSeq-Custom PCR with Illumina adapters,5hr_4,2026-04-03 01:33:37.253099+00:00,"7,872,914","2,377,620,028",80.03,90.0,38.2,0.19
LIB141849_23MMMFLT4_S161_L001_R2_001.fastq.gz,23MMMFLT4,ACTCGAGCTA-GGTAGTGTGT,1,LIB141849,ASD_ISOMPRA_ActD_Revisions,human,Prepared Libraries (including 10x libraries),AmpliconSeq-Custom PCR with Illumina adapters,5hr_4,2026-04-03 01:33:37.253099+00:00,"7,872,914","2,377,620,028",80.03,97.0,39.44,0.21
LIB141850_23MMMFLT4_S162_L001_R1_001.fastq.gz,23MMMFLT4,TTCCAAGGCA-GGTAGTGTGT,1,LIB141850,ASD_ISOMPRA_ActD_Revisions,human,Prepared Libraries (including 10x libraries),AmpliconSeq-Custom PCR with Illumina adapters,5hr_5,2026-04-03 01:33:37.253099+00:00,"26,858,142","8,111,158,884",80.03,89.0,38.02,0.19
LIB141850_23MMMFLT4_S162_L001_R2_001.fastq.gz,23MMMFLT4,TTCCAAGGCA-GGTAGTGTGT,1,LIB141850,ASD_ISOMPRA_ActD_Revisions,human,Prepared Libraries (including 10x libraries),AmpliconSeq-Custom PCR with Illumina adapters,5hr_5,2026-04-03 01:33:37.253099+00:00,"26,858,142","8,111,158,884",80.03,97.0,39.4,0.21
LIB141851_23MMMFLT4_S163_L001_R1_001.fastq.gz,23MMMFLT4,GCCAGAAGCA-GGTAGTGTGT,1,LIB141851,ASD_ISOMPRA_ActD_Revisions,human,Prepared Libraries (including 10x libraries),AmpliconSeq-Custom PCR with Illumina adapters,5hr_6,2026-04-03 01:33:37.253099+00:00,"22,790,128","6,882,618,656",80.03,89.0,37.96,0.19
LIB141851_23MMMFLT4_S163_L001_R2_001.fastq.gz,23MMMFLT4,GCCAGAAGCA-GGTAGTGTGT,1,LIB141851,ASD_ISOMPRA_ActD_Revisions,human,Prepared Libraries (including 10x libraries),AmpliconSeq-Custom PCR with Illumina adapters,5hr_6,2026-04-03 01:33:37.253099+00:00,"22,790,128","6,882,618,656",80.03,97.0,39.4,0.21
LIB141852_23MMMFLT4_S164_L001_R1_001.fastq.gz,23MMMFLT4,AAGCACTAGA-GGTAGTGTGT,1,LIB141852,ASD_ISOMPRA_ActD_Revisions,human,Prepared Libraries (including 10x libraries),AmpliconSeq-Custom PCR with Illumina adapters,11hr_1,2026-04-03 01:33:37.253099+00:00,"16,364,059","4,941,945,818",80.03,90.0,38.18,0.19
LIB141852_23MMMFLT4_S164_L001_R2_001.fastq.gz,23MMMFLT4,AAGCACTAGA-GGTAGTGTGT,1,LIB141852,ASD_ISOMPRA_ActD_Revisions,human,Prepared Libraries (including 10x libraries),AmpliconSeq-Custom PCR with Illumina adapters,11hr_1,2026-04-03 01:33:37.253099+00:00,"16,364,059","4,941,945,818",80.03,97.0,39.46,0.21
LIB141853_23MMMFLT4_S165_L001_R1_001.fastq.gz,23MMMFLT4,ACTGGGCAAA-GGTAGTGTGT,1,LIB141853,ASD_ISOMPRA_ActD_Revisions,human,Prepared Libraries (including 10x libraries),AmpliconSeq-Custom PCR with Illumina adapters,11hr_2,2026-04-03 01:33:37.253099+00:00,"11,823,968","3,570,838,336",80.03,89.0,37.93,0.19
LIB141853_23MMMFLT4_S165_L001_R2_001.fastq.gz,23MMMFLT4,ACTGGGCAAA-GGTAGTGTGT,1,LIB141853,ASD_ISOMPRA_ActD_Revisions,human,Prepared Libraries (including 10x libraries),AmpliconSeq-Custom PCR with Illumina adapters,11hr_2,2026-04-03 01:33:37.253099+00:00,"11,823,968","3,570,838,336",80.03,97.0,39.39,0.21
LIB141854_23MMMFLT4_S166_L001_R1_001.fastq.gz,23MMMFLT4,ACCTAACTTA-GGTAGTGTGT,1,LIB141854,ASD_ISOMPRA_ActD_Revisions,human,Prepared Libraries (including 10x libraries),AmpliconSeq-Custom PCR with Illumina adapters,11hr_3,2026-04-03 01:33:37.253099+00:00,"24,472,742","7,390,768,084",80.03,90.0,38.23,0.19
LIB141854_23MMMFLT4_S166_L001_R2_001.fastq.gz,23MMMFLT4,ACCTAACTTA-GGTAGTGTGT,1,LIB141854,ASD_ISOMPRA_ActD_Revisions,human,Prepared Libraries (including 10x libraries),AmpliconSeq-Custom PCR with Illumina adapters,11hr_3,2026-04-03 01:33:37.253099+00:00,"24,472,742","7,390,768,084",80.03,97.0,39.45,0.21
LIB141855_23MMMFLT4_S167_L001_R1_001.fastq.gz,23MMMFLT4,AATATAACCA-GGTAGTGTGT,1,LIB141855,ASD_ISOMPRA_ActD_Revisions,human,Prepared Libraries (including 10x libraries),AmpliconSeq-Custom PCR with Illumina adapters,11hr_4,2026-04-03 01:33:37.253099+00:00,"16,596,695","5,012,201,890",80.03,90.0,38.17,0.19
LIB141855_23MMMFLT4_S167_L001_R2_001.fastq.gz,23MMMFLT4,AATATAACCA-GGTAGTGTGT,1,LIB141855,ASD_ISOMPRA_ActD_Revisions,human,Prepared Libraries (including 10x libraries),AmpliconSeq-Custom PCR with Illumina adapters,11hr_4,2026-04-03 01:33:37.253099+00:00,"16,596,695","5,012,201,890",80.03,97.0,39.44,0.21
LIB141856_23MMMFLT4_S168_L001_R1_001.fastq.gz,23MMMFLT4,CAGCATGGTA-GGTAGTGTGT,1,LIB141856,ASD_ISOMPRA_ActD_Revisions,human,Prepared Libraries (including 10x libraries),AmpliconSeq-Custom PCR with Illumina adapters,11hr_5,2026-04-03 01:33:37.253099+00:00,"27,852,626","8,411,493,052",80.03,90.0,38.18,0.19
LIB141856_23MMMFLT4_S168_L001_R2_001.fastq.gz,23MMMFLT4,CAGCATGGTA-GGTAGTGTGT,1,LIB141856,ASD_ISOMPRA_ActD_Revisions,human,Prepared Libraries (including 10x libraries),AmpliconSeq-Custom PCR with Illumina adapters,11hr_5,2026-04-03 01:33:37.253099+00:00,"27,852,626","8,411,493,052",80.03,97.0,39.43,0.21
LIB141857_23MMMFLT4_S169_L001_R1_001.fastq.gz,23MMMFLT4,ATATGAAGGA-GGTAGTGTGT,1,LIB141857,ASD_ISOMPRA_ActD_Revisions,human,Prepared Libraries (including 10x libraries),AmpliconSeq-Custom PCR with Illumina adapters,11hr_6,2026-04-03 01:33:37.253099+00:00,"19,847,432","5,993,924,464",80.03,90.0,38.13,0.19
LIB141857_23MMMFLT4_S169_L001_R2_001.fastq.gz,23MMMFLT4,ATATGAAGGA-GGTAGTGTGT,1,LIB141857,ASD_ISOMPRA_ActD_Revisions,human,Prepared Libraries (including 10x libraries),AmpliconSeq-Custom PCR with Illumina adapters,11hr_6,2026-04-03 01:33:37.253099+00:00,"19,847,432","5,993,924,464",80.03,97.0,39.44,0.21
